id_post,title,pred_label
kyore,Music to stay focused,Focus Music
q7aqn,Does anyone else here have trouble hearing the correct lyrics in songs and end up preferring instrumentalclassicalelectronic music instead,Other
qctrh,Music that helps you focus,Focus Music
rkhrq,Music,Other
s1t98,Do any of you listen to jazz while studying,Other
sgf7u,Whats your goto song to get you started pumped up and ready to go,Other
st6br,DAE hear music in their heads while doing a boring task,Stuck Songs
tvfvv,Anyone have difficulty listening to music,Other
vbebd,If my ADHD could be a song it would be this Would love to read yours Just a fun thread,Other
veh4a,Music how does music affect your ADHD Tell me about your thoughts on music,Other
wbtf5,ADHD Hacks Need some background study noise  Why not extended video game music,Focus Music
wouer,Does anyone else have trouble picking out the vocals in music while everyone around you seems much better at it,Other
wxopv,Any ADHDers have experience with self taught instrument playing,Other
x8it4,Does anybody else constantly have a song cycling through their head all of the time,Stuck Songs
xq5ow,Does listening to music in headphones while you work help anyone else concentrate,Focus Music
zo8ig,What do people use as an alternative to music for discomfort avoidance without distraction,Other
10hfwd,Who uses music to get your mind into The Zone for work or other activities  What music do you use for which activities,Focus Music
11bkkv,Music for ADHD people,Other
1354hz,Out of curiosity what is your favorite styletype of music you listen to that help you with your work throughout the day while on your meds to help your productivity,Focus Music
13us6k,Loopers what song particles repeat in your head on a recurring basis,Stuck Songs
145f15,Folk with jobs that require extended concentration what helps you,Other
14ny9b,Music for the restless,Other
16i619,rADHD what kind of music do you listen to when you want to relax,Other
16tcqp,Playing an instrument ADHD,Other
170arj,Studying Music FREE  Awesome music to get work done  ex post rLifeProTips,Focus Music
17wng6,ADDADHD and music,Other
1855g6,Can never listen to an entire song,Other
185yd5,Are people with ADHD more sensitive to music,Other
18vged,What song is going through your head right now,Stuck Songs
19en8z,Silence white noise sound effects podcasts music What do you listen to while you work,Focus Music
19wb1z,Music while studying,Focus Music
1a3160,Realization regarding ADHD listening to music while studying and dopamine,Focus Music
1admp6,Im seeing a lot of comments on tranceedm in music related questions Connection between adders and the wonderful soothing calming world of electronica,Other
1akcbb,I cant stop replaying the last song i heard in my head,Stuck Songs
1bebyk,Classical Music,Other
1bqf4x,Perpetual music in my head,Stuck Songs
1c4qb3,What do you guys listen to concentrate Preferably without lyrics,Focus Music
1c8l9n,Does anybody else have music looping in their heads,Stuck Songs
1c8ftq,Does anybody else have no feeling toward music,Other
1dmy7b,What kind of music do you like,Other
1eso3u,What music do you Listen to when working,Focus Music
1exju2,Correlation between ADHD and Electronic Music,Other
1fncdz,Is it common with ADHD to hear music all the time,Stuck Songs
1fpjhl,ADDADHDers How do you respond to music,Other
1g35ce,ADHD and dubsteploud music,Other
1g5xza,How many of you with ADHD listen to dissonant genres of music,Other
1gwxso,What is your goto study music,Focus Music
1l2jv7,Does anyone have music they listen to just when studying,Focus Music
1od59w,What do you guys feel your relationship to music is and does it help you cope with your ADD,Other
1ql4tr,Does music help you focus,Focus Music
1sc9vh,Music for studying for those who have trouble studying to music and those who dont,Focus Music
1sm9tk,ADHD Songs,Other
1t01c1,Trouble listening to music,Other
1sz394,Music and studying,Focus Music
1uhq8o,Music My lifes Pavlovian metronome,Other
1wd2rv,While were on the topic of music some music I feel relates to my ADHD,Other
1wtzia,What are your go to albumsartists for study music or focus music Looking to buy more music in this genre and all suggestions are appreciated,Focus Music
1wzjht,Music and ADHD,Other
1x3w2d,Facial recognition memory and remembering lyrics,Other
20cmup,I know a lot of us really benefit from having music on while workingstudying I have a couple suggestions,Focus Music
20gios,ADHD Studying Tip Got a favorite album,Focus Music
21u63g,What song lyrics do you feel you relate to because of your ADDADHD,Other
23e0fk,Weekly Playlist 1  This subreddit needs some peace of mind join in,Other
23l934,question about music,Other
24ot8f,Music release strong emotions,Other
260q1q,What Music Helps You Focus,Focus Music
269s1x,How many songs in your music device that you would probably never listen to,Other
272zz1,What does music do for you guys,Other
27bjo3,Recommend me study music,Focus Music
27icjr,Feeling the ADHD Blues,Other
27j7l8,Music,Other
27z0a8,What is the song that you can relate to most ADHD wise,Other
29irpu,Pink Floyds The Wall album helps me concentrate Sometimes I cant get any work done without it playing,Focus Music
2amh5u,Songs that remind you of ADHD,Other
2dgq5p,Is it common for ADDers to allways have music in their head,Stuck Songs
2djk1u,What song is stuck in your head right now,Stuck Songs
2ea279,Whats your favorite concentration music,Focus Music
2ebmxw,Does music help you focus,Focus Music
2ekdfy,NonStop Playing Music in your Head,Stuck Songs
2ft933,ADD Music for work suggestions,Focus Music
2gf88n,Blaring music because sound is easier to tune out than your own thoughts,Focus Music
2gf8su,Share your favorite studywork music,Focus Music
2hghc1,Found music on youtube Helps me concentrate better while studying Check it out and let me know if you have better music,Focus Music
2ie9u3,What are the effects of techno music on your brain,Other
2m9jlq,Music to listen to when reading,Focus Music
2mvq1j,Favorite background music while trying to focus,Focus Music
2my7rq,What music helps you concentrate when you work,Focus Music
2n1vfz,For the last week Ive had the song ends by a guy called everlast stuck in my head from the time I wake up until I fall asleep,Stuck Songs
2o4n6s,Hearing music in my head on meds,Stuck Songs
2ohb9l,When you have do to something that requires focus does instrumentalindustrialelectronic music help you focus,Focus Music
2pn0tj,How to Get the Most out of Adderall  You guysgals rock BTW,Other
2qgboc,I discovered listening to extremely loud and obnoxious music dubstep screamo metal helps me focus can anyone explain this to me,Focus Music
2v32o6,Can you follow music lyrics,Other
2vh5lp,Music to play in background while working,Focus Music
2vrmb5,For those who enjoy music I have had a lot of success focusing with The Mars Volta,Focus Music
2w5t5l,How do you guys deal with the constant music stuck in your head,Stuck Songs
2w7gia,What kind of music do you guys listen to,Other
2w7v07,ADHDers whats your preferred studying music,Focus Music
2wolrs,The best songs that people with ADD could relate to,Other
2zb7mn,The dark ambient music of Lustmord helps me focus big time,Focus Music
30stae,Movie and game soundtrack recommendations,Other
361see,I recorded some music I made When I played it back I realized my daughter had been trying to talk to me,Other
38nkbt,Does ADHD affect your taste in music,Other
3b70x2,Who else has music in thier head all fucking day Is this an ADHD thing,Stuck Songs
3bk7lj,Does music help controlling ADHD Please explain,Other
3c28xh,Mathcore and other incredibly technical music and ADD,Other
3fet8i,How do you get a song out of your head,Stuck Songs
3hi2hs,Listening to the same songset of songs repeatedly,Other
3jxe65,I think that music helps me a lot,Other
3mb4x0,Songs you grew up listening to as a means to cope with something you didnt realize was happening,Other
3mxkir,How do I deal with the music in my head,Stuck Songs
3nydh6,I just spent all night on reddit and listening to music super focused Why cant i do the same with my job search,Focus Music
3plfe6,Motion City Soundtrack  Modern Chemistry,Other
3pqr65,Can you studyhomework with music,Focus Music
3rxhlu,Whats some good music to workstudy with,Focus Music
3s3kbb,Album for intense focusto drown out the outer world,Focus Music
3vvomd,Hey radhd i was wondering what kind of music do you like,Other
3y8bsw,Does ADHD factor in to what kind of music you listen to,Other
3zb7m0,Whats the largest number of songs youve had stuck in your head at one time,Stuck Songs
40rk8f,How do you manage to get songs out of your head,Stuck Songs
4109sc,Sonic Boom alarm clock for ADHD folk  pros and cons,Other
42v1xj,Always struggled with keeping a beat or being rhythm deaf Is this a trait of ADHD and were you able to work around it,Other
466o56,Do you listen to podcasts,Other
46plje,What music are you guys into,Other
47dauv,ADHD and music,Other
48m7xx,Songs referencing ADHD,Other
4cfahu,My current favourite motivational gettowork song,Focus Music
4fkqir,Do any of you also have an internal radio that plays songs in your head when the world gets quiet,Stuck Songs
4gr107,How do you listen to music Do you think your ADDADHD has influenced your musical preferences in anyway,Other
4hyemb,Can you study with music Only certain music No music at all,Other
4ju218,Musical daydream,Other
4ok2yi,Musical advice can anyone offer methods and habits,Other
4p5rzt,My girlfriend to me You were supposed to be paying for tuition but instead you bought night vision goggles Just listen to how that sounds,Other
4reoch,What kind of music are you guys into,Other
4sx6k4,I find myself singing one or two lines of a song constantly while doing something that requires mental effort Is that an ADHDrelated trait,Stuck Songs
4v8xlf,Whats your theme song,Other
4w4nht,Those who find music helps to focus them can you reccommend some music that works for you,Focus Music
4x8rc3,Trying Focus  Will Anyone listen to the ADHD station,Focus Music
4y43mp,Are you an artist with ADHD If so what is your work like Also do you think your ADHD shows in your practice,Other
4y871d,Using music to focus  what bandsalbumsgenre have you guys found helped you focus,Focus Music
505l98,Your opinion on upbeat music helping with essaythesis writing,Focus Music
50el7q,Music in my head,Stuck Songs
511zei,Some ADHDfriendly music to help you focus,Focus Music
550bu4,I constantly have a song playing in my head Sometimes its a complete lyric usually its one line played over and over Sometimes its a jingle from my childhood,Stuck Songs
56jwor,Any recommendations for relaxing study music,Focus Music
56ym93,If you use constant background music or spoken recordings to help focus their mind on work what do you listen to,Focus Music
57pjhs,Seeking music mixesstations to improve study focus and productivity,Focus Music
5813hz,Whats your relaxation musicWhat Genre of music do you listen to,Other
58mcus,Music for ADHD,Other
5aywi8,Any of you guys into hardcore music like Counterparts,Other
68eev1,Speedcore ish vocal music to help with focusing,Focus Music
6993du,What style of music helps you focus best,Focus Music
6a6akj,Do you ADHD folks find that listening to psychedelic music helps you focus,Focus Music
6astsy,What music do you use to aid concentration,Focus Music
6dkfv1,Do any of you calm your racing minds by playing music loudly in your head,Focus Music
6g2dte,Music helps with ADHD,Other
6ho3do,Motivational music playlist for ADHDers,Focus Music
6my5l8,Music to help concentration,Focus Music
6prl5p,Just realised how reliant I am on music,Other
6pwjhy,What songs do you like to listen to when youre feeling down about your ADHD,Other
6qqjy3,How do I know what music is 440Hz besides Baroque music Or what else might work to keep me focused at work in a shared space,Focus Music
6s4id8,I have three exams and a paper due this week Instead I wrote a rap song and practiced it I dont even rap in fact I have a stutter FML,Other
6w9mql,Music for sex,Other
6xgw80,What music do you listen to,Other
6ynwmu,Almost every kind of music can become overwhelming when Im workingstudying but I sometimes get tired of silence What do you guys listen to,Other
6yu94j,This Song Im not Dead looks like it was made by someone with ADHD for ADHD people,Other
6yugej,Bring Me The New Horizons song about ADHD,Other
6zhhir,Does focus music help you focus,Focus Music
6zo6x3,Any recommendations for upbeat instrumental study music,Focus Music
6zrayp,Music on repeat,Stuck Songs
71j6zn,screw classical music i can only focus with black sabbath,Focus Music
72ipaf,What music helps you get in the zone for work,Focus Music
7334zr,I forgot to go to the fucking symphony,Other
73x0ot,I was really bummed that I forgot to buy my wife a birthday gift She was cool about it but I felt miserable during dinner Before bed she asked if I wanted to see Hamilton and thats when I remembered that I bought her 3000 opera season tickets a few months ago to give her on her birthday,Other
74isa8,Music that helps you stay focused,Focus Music
75jxr5,If my life was an REM song it would be called Losing My Ritalin,Other
75xc5w,Vyvanse and Music,Other
79bqeu,I cantdont really follow lyrics in a song I dont believe I have ever listened to all the lyrics in a single song Is this something you experience,Other
7a5omd,Music recommendations for homework time,Focus Music
7caief,ADHD guitaristsmusicians and music fans,Other
7ccer6,Coffee shop music is too loud for me to do any work Does this happen to other people,Other
7d89zw,The song that never ends,Stuck Songs
7gv4q5,Looking for suggestionsrecommendations for instrumental songs or playlists of songs to help me focus,Focus Music
7j3th3,Classical music is the best for studying,Focus Music
7mnf58,I know why I listen to music loudly now,Other
7nl8p9,What do you do when you feel at rock bottom and alone,Other
7o2yyc,Songs that you identify with,Other
7ocha1,Music  The constant soundtrack in my head,Stuck Songs
7pp4wb,Whats the best focus music you like to listen to,Focus Music
7pq41c,List a Movie TV Show and Song that hit you in a deeper way,Other
7rb52c,Does listening to music help you or hurt when studying,Other
7tu8jz,Music is CONSTANTLY running in my head,Stuck Songs
7u1vx1,What song do you feel like could easily be about ADHD and why,Other
7ux6z3,What is the craziest music you listen to,Other
7wuu38,Suggestions for my preflight playlist,Other
81e27n,What music do you folks listen to in order to focus,Focus Music
81xa3m,I can pick up nearly any instrument and learn basic songs or notes very quickly Why cant I learn my times tables or other normal stuff but I can learn guitar in a couple of weeks,Other
85rm8l,Hey what kind of music do you guys listen to,Other
85xaed,Reading for extended periods of time with ADHD is MUCH easier when listening to calm atmospheric music,Focus Music
87a1sx,Music on Meds,Other
87o2at,WorkStudy Music,Focus Music
87qjzk,Lyrics are almost always an indecipherable blur and the voice is just another instrument that add to the ambiance of a song,Other
8d66zd,Cant Stop Playing Music in My Head,Stuck Songs
8dgn8i,What songs helped you through a difficult time keep focused feel calm etc,Focus Music
8gdc7v,Repeating the same songs when you listen to music,Stuck Songs
8glfky,Do you enjoy pretending a lot Such as pretending youre being interviewed on TV or listening to music and pretending youre the singer etc,Other
8gvzul,Creep by Radiohead gets me in my feels every time Such a beautiful song,Other
8i754y,I need song suggestions,Other
8j1vy6,Once you get a song stuck in your head you lose the ability to fully concentrate on another task like reading,Stuck Songs
8klkin,Sometimes when I put on headphones I forget to play music so I walk around with headphones listening to nothing,Other
8kq3pd,My least favorite thing about ADHD is song lyrics,Other
8ouq3p,If you havent listen to episode 204 of the ADHD experts podcast,Other
8q84zj,Why on earth do thoughts and music loop in my head,Stuck Songs
8qk5a9,how do you guys listen to albums,Other
8qsj90,Hard to appreciate rap music,Other
8rjk55,A relatable song Whats My Age Again by blink182,Other
8rlyl8,music that you relate to possibly a thread,Other
8s2a5y,Correlation Between Music Tastes and ADHD,Other
8t7sk1,What songs remind you of your ADHD or seem to deal with the subject matter,Other
8ulqbr,Any suggestions for concentration music,Focus Music
8vtjq9,I cant help but compulsively sing every song I hear all time,Stuck Songs
8wekue,Do more people listen to music in bed to silence their thoughts,Focus Music
8ywfti,Was there any song movie book game etc that helped inspire you to continue to improve and face off against your ADHD Please share,Other
8yxx06,Meant to ask this for ages actually but i always kept forgetting to do so How do you keep the music down,Other
90qk6m,What kind of music do you listen to No answer,Other
91wx61,I wish I could turn off the music,Other
92kfve,Whats your favorite genre of music,Other
92o2vz,Music or TV in the background,Other
934w0q,Has music helped anyone,Other
951q4q,Does music help you focus or does it make you get more distracted,Focus Music
968v2b,What music helps you focus,Focus Music
96na8w,Why do I always have a song stuck in my head,Stuck Songs
9846aq,TIL Video game music is great for focusing on work for me,Focus Music
98s32x,ADHD And Music,Other
9abliv,why is it that music helps me focus more,Focus Music
9ay44g,Looping bits of music in my head,Stuck Songs
9ed1mz,Just a little advice for anyone who wants to study while listening to music,Focus Music
9gqfqo,What song is stuck on loop for you today,Stuck Songs
9gtgxy,Cant ever listen to the entirety of a song no matter how hard I try,Other
9i3kvm,Constant thoughts of music rushing through your head,Stuck Songs
9l9yge,Lyrical rap gives me just the right amount of stimulation to stay on task,Focus Music
9p5x88,How do you guys process new music,Other
9plua1,How do you guys deal with music playing in your head constantly,Stuck Songs
9qzdbz,Music,Other
9s3l2h,music tracks are always playing in my head,Stuck Songs
9siiv7,Why does music help me power through an assignment or exercise so well,Focus Music
9vywz4,Studying background music,Focus Music
9wge9x,When youre having a conversation and a song you know andor like comes on do you have trouble focusing on the conversation,Other
9wotym,Id love to put together a moodboosting playlist for mornings What are some songs everyone finds happy or inspirational,Other
9xjxjr,Music that makes you feel understood When do you listen to it what about it makes it so important to you,Other
9y4p89,What is your best music to work to,Focus Music
9ya9xw,At a concert Ive always wanted to go to and just cant get into it,Other
9ylqzh,I have 5 songs stuck in my head at the same time,Stuck Songs
9yy9km,Does music in foreign languages help you focus Any suggestions,Focus Music
9z1yua,The constant music,Other
9z6kxn,Have you found playing an instrument to be a proper way to destress and can it help ADHD,Other
a1sdi3,Always having a song on loop in my head makes my thoughts less coherent,Stuck Songs
a34svj,My son has written on hold music that he hums when moms on hold,Other
a3nzwh,How much time have you spent listening music this year,Other
a3p3bf,Hey brains Whats your current musical obsession,Other
a4r8lg,My most listened to subgenre of music according to Spotifys Wrapped was Focus,Focus Music
a80jjf,My brain is like a web browser 17 tabs are opened 4 of them not responding and i dont know where the music is coming from,Other
a8ccli,How do you listen to music,Other
a8pau9,Is your music taste all over the place,Other
a8zhqx,How do you guys deal with music at work,Other
a92x5b,what song is stuck in your head,Stuck Songs
aagvz5,ADHD and music,Other
ab3e6s,Hyperfocus Who do you all listen to on literally nonstop repeat,Focus Music
acmbq3,TIP I listen to white noise and sound loops at work to help me stay focused and concentrate Everyone is different but this seems to help me Good luck,Focus Music
actced,Whats your favourite music to study to,Focus Music
ad7jz4,How many of you have heard a favorite song a hundred times but when trying to sing it for someone realized you dont actually know the lyrics because there were just too many words in there to learn,Other
aekova,Whats your song for focusing,Focus Music
aevzkh,Music that satisfies the ADHD brain,Other
af0tnz,I get too much of a rush from listening to music sometimes,Other
agynqg,Switching songs constantly,Other
ahw3h4,I hyperfocused at 3AM Instead of doing the schoolwork I have to do I figured out the chords to Rufus Xavier Sarsaparilla from Schoolhouse Rock and made a word document putting the chords with the lyrics Why,Other
ai7cko,What music are you into right now,Other
aj3xef,Putting headphones on with the intention of listening to music Realising 30 minutes later you still have them on and never started the music,Other
aj7kss,Even when I try I cant hear lyrics in music,Other
ak6seb,What music helps you manage you symptoms Im struggling right now,Focus Music
akguql,What song is currently on loop in your head,Stuck Songs
alaxxn,What kind of music does everyone listen to,Other
albpac,How French rap has helped me cope with ADHD I dont speak French,Focus Music
amq75d,Singing Along to Music Everywhere,Other
asowtr,Is it an ADD thing to listen to the same song repeatedly,Stuck Songs
aueyyg,In my head playlist,Stuck Songs
avfe11,Constant songs in my head,Stuck Songs
aw65tz,Music sounds prettier on meds and I can understand rap lyrics for the first time,Other
axxwa0,I got a late start this morning because I shook my Adderall capsule like a maraca to the beat of a song stuck in my head for ten minutes,Stuck Songs
ay3ayd,I need speedy music to concentrate but I cant with lyrics I like Anamanaguchi any suggestions,Focus Music
b37rpi,Do you notice you have weird music habits,Other
b3cmkd,Can you learn to play an instrument with ADHD,Other
b56ltr,The musical Hamilton forever changed my social life Talk less smile more never let them know what youre against or what youre for I know it sounds scummy but when youre hyper and over share and embarrass yourself every day it really helps even if it just evens out,Other
b6np4j,Ive been listening to the same song on repeat at work for 6 hours,Stuck Songs
b92jav,What song is stuck in your head right now,Stuck Songs
b9ez1b,When you are humming a song and it starts fucking up because youre thinking about another part of the song at the same time,Stuck Songs
baqgko,A family member stole and took the rest of my triap script for Vyvanse Would it be worth it to pop into my psychiatrists office and explain this to her,Other
bbhvvu,Forgetting to play music in the car,Other
bc88z6,Drastic change in music tastes,Other
bctuk5,What songs get stuck in your head all day when you dont take your meds,Stuck Songs
bd3rcq,Im sad its hard for me to discover new pop punk bands cause procrastination,Other
bdyntt,Post the song stuck in your head and we rated it an score out of 10 for how good or annoying it is,Stuck Songs
bekre6,What are good instrumental albums to listen to while studying,Focus Music
bflpbl,Does your brain play music to you too,Stuck Songs
bgfe4e,Music is life,Other
bhslx2,Music is almost as effective for me as medication Im curious as to if other people find it the same,Other
bjn2jj,Anyway to get the music and constant soundtrack out of your head,Stuck Songs
bl5wan,Music that helped me to focus immensely,Focus Music
bqahud,I guess an upside to having ADHD is at least when I forget my earbuds I can still play any song I want in my head,Other
bqfua6,I have A University Physics exam in 2 days and spent all morning learning the fast rap in rap god,Other
bqjk7l,Im looking for songs that empower you to keep going,Other
bsvagd,Music music everywhere Im not crazy youre crazy,Other
bwqio1,Is there an album you can listen to all the way through without skipping,Other
bwssgo,I feel like my my ADHD affects my music taste,Other
bysnal,So what song is stuck in your head today,Stuck Songs
bzf6on,What are some songs which are about adhd or mention it,Other
bzxioz,I can hardly listen to a full song finish a video game or watch an entire movie,Other
c06isb,I wish I had never heard that  baby shark song,Stuck Songs
c18ofb,Ive been listening to the same song for the last 6 hours and its still as good as the first time I heard it,Other
c1ktcd,I CANT MAKE THE MUSIC STOP IN MY HEAD,Stuck Songs
c9nxcy,Anyone found a way to get the music in your head to stop,Stuck Songs
c9sb4e,Music for studying with adhd,Focus Music
cabg4v,What is music to you,Other
caonbd,What song is currently playing in your head,Stuck Songs
cb41ip,sensory overload music,Other
cc5rcg,Sleeping with music,Other
cdhjpj,Yeah sex is great and all but have you ever woken up WITHOUT a song stuck in your head,Stuck Songs
cg5iqc,Music to help me better concentrate,Focus Music
cgnfg4,Songs stuck in your head,Stuck Songs
cgrf67,Songs that are way too long 8 minutes,Other
chkpnh,TIP listen to drum and bass music when you want to focus or be productive,Focus Music
cjizal,Favorite background music,Other
cnwkkb,Seriously I wish I could remember anything as well as I remember song lyrics Whats up with that,Other
cqtu5l,Is there a particular type of music or favorite musician you like to use to keep yourself on track at work to drown out office noise,Focus Music
csa5lp,Earworms and ADHD Ever listen to a song repeatedly all day long and for the next 3 days,Stuck Songs
cuuy1m,Studyingworking with music request,Focus Music
cy2hlk,Just diagnosed Im experiencing music on an entirely new level Give me what songs you love,Other
czz9je,Proposal to made the song Phone by Lizzo our official ADHD anthem,Other
d0n0g5,I almost always have music running in my head,Stuck Songs
d14yhr,I have songs stuck in my head incessantly 247 My brain has never felt quiet,Stuck Songs
d1ilk3,What song is currently stuck in your head,Stuck Songs
d226hm,What songs are currently on repeat in your head right now,Stuck Songs
d2491k,So youve heard about getting a song in your head now get ready for,Stuck Songs
d710vi,What song is stuck in your headare you looping right now,Stuck Songs
d7c15e,Tips on making the music stop without increased dose of meds,Stuck Songs
d87whb,How does adhd affect your taste in music,Other
d9enie,I made a viral post in rmusic and showed people my playlist for concentration Some comments said you guys might enjoy this too,Focus Music
d9o2x3,Shout out to putting headphones in and never actually playing any music,Other
daw7xg,Part of our condition is having a hypersensitivity to emotions so I was wondering if you all experience chillsgoosebumps when listening to music like I do,Other
db58oi,Do you guys have a music section on loop in your head,Stuck Songs
dglt6g,What song describes your ADHD today,Other
dhyg8g,I dont remember a single day when I dont have music stuck in my head,Stuck Songs
diwkia,I often find myself reading the same books over and over again watching the same shows over and over and listening to the same songs,Stuck Songs
dnzc71,Listening to the same song over and over and over again,Stuck Songs
dp5l9d,Music choice,Other
dpukqb,Music preferences,Other
dripj7,I have trouble sleeping I am a music producer I randomly engineered a White Noise 2 hour session and I fell asleep my chair for 3 hours I had never slept in my chair before in my entire life,Other
drllpt,Are your music choices intenseheavyfast,Other
dtqyvp,Best music for focusing,Focus Music
du4en2,How to work better with music,Focus Music
dv9opf,What kind of music do you listen to when having to do a lot of work,Focus Music
dvg1on,Me Of course I can listen to music while writing a paper Proceeds to type 1 sentence and then pretend Im in a music video for the next 4 hours,Other
dw5xmb,Question for the fidget folk,Other
dynvnw,I want to listen to an audiobook but also listen to music and I need to do work but I want to watch something in the background but Im listening to music it just keeps going,Other
dz20c0,What MUSIC are you listening to,Other
e16mbj,Rap God,Other
e4i9r6,Todays head music loop is the guitar solo from Good Old Fashioned Lover Boy with disjointed accompaniment by approximately one third of the chorus,Stuck Songs
e5ojxm,Best music for engagement,Focus Music
e5z0w5,ADHD song,Other
e7rgna,Im at a concert right now not paying attention,Other
e8fajz,Music and adhd,Other
e8sacc,Music festivals,Other
e8y2w3,Listening to 1 song on repeat really helps me concentrate,Focus Music
eat6ou,Joyner put a video to his song ADHD The visuals I think really capture what it feels like,Other
eb28yc,What kind of music is good for ADHD sufferers,Focus Music
edvhvz,Is it an ADHD thing to have a wide taste in music,Other
efpyn4,Lping songs in head Thoughts when not concentrating,Stuck Songs
eg0ega,what are you favorite music genres and groups,Other
eh1v2u,My brain is one big song loop,Stuck Songs
ejzucz,Music stuck in head,Stuck Songs
el6ws7,The imediate panic when asked what music you like but they want to know artistssong names,Other
emdlqy,Can listening to music or white noise help focusing while doing tasks that demands lot focus like for example when programming I am learning programming but sometimes I just feel like things just fly over my head,Focus Music
emstxq,I want to listen to music while Im listening to music,Other
emtxu0,What song is currently stuck in your head,Stuck Songs
en8npe,The songs in my head this morning before my meds,Stuck Songs
eogik8,Does listening to chaotic music calm yall down too,Other
epl8sh,Can a random song bring you to tears instantly,Other
epzcpe,Whistling or repeating part of a song continuously in your head is it just me,Stuck Songs
er780m,Music as a psuedo stimulant Is this common,Other
er7884,Song lyrics playing on repeat in my head,Stuck Songs
es9xn3,ADHD is discovering a song every few weeks that you become so obsessed with that you only play that on repeat to the point that you hate it,Stuck Songs
esu0m9,Specific music,Other
ew00xs,Hyperfocus music,Focus Music
ew4gj9,Sometimes I wish I could listen to podcasts and music at the same time while writing my essay and dancing,Other
ex2sp1,What song is stuck in your head tonight,Stuck Songs
exjudc,I hate that I am so sensitive to every single god damn piece of music or audio stimuli,Other
exmxgj,Weird question how do you get into music,Other
ezaowa,Songs that describe adhd,Other
f1bn8o,Audio Processing listening to music,Other
f1dbsx,Cant concentrate with music when studying but silence is so boring,Focus Music
f1w0gc,Desperately in need of music for studyingfocusing,Focus Music
f2kn5h,I have to listen to podcasts,Other
f314r3,Skipping to the part of the song you like the best because it is way too long to listen to the whole thing,Other
f3ui6g,Being an artist with ADHD is really difficult I cant ever finish the projects I start or force myself to do anything but write down my ideas those pile up and then Im completely overwhelmed,Other
f7o0wh,ADHD makes my inner monologue feel like the Opera bit in Bohemian Rhapsody,Other
f7xvm5,Fast music for focus,Focus Music
f9x7ki,want to listen to fav song gt start playing gt get distracted and drown out music with thought gt realize you missed the whole song gt repeat,Other
fa5pfi,What do you listen to when working,Focus Music
faw8s7,For pretty much my entire life Ive been bopping about my days with lyrics from songs seemingly randomly arriving in my head Im walking along and boom all of a sudden Im strutting to a verse of a song Im curious is this is something that could be related to ADHD and others here experience,Stuck Songs
fbe47v,ADHD is turning off your music so you can smell something better,Other
fdp8sz,What song best describes ADHD,Other
fe92lf,Do yall change musical interests a lot,Other
feq7be,Constant music in my head,Stuck Songs
ffk4yb,At any given moment theres a song playing in the background of my other 5 thoughts,Stuck Songs
fg2z8x,Do you guys know any artists that make songs about having ADHD,Other
fis5bs,If your ADHD was a song what would it be,Other
fiz4re,Cant listen to music because of adhd,Other
fjqaal,What kind of music do you listen to when youre trying to focus,Focus Music
fnnmxt,I have recently discovered the music of Takashi Kokubo and Hiroshi Yoshimura that focuses on melding the sounds of nature with soft melodic tones and I would like to share it with this community,Focus Music
foaxe5,Do you have certain music that helps you focus,Focus Music
fohm3e,What are your recommendations for study music that WONT make you sleepy,Focus Music
fph20l,Whats a music genre you love or hate specifically for ADHD reasons,Other
fpqucn,Joyner Lucas just released an album called ADHD,Other
frijlj,I made an ADHD playlist,Other
fshhxr,Favorite music Megathread,Other
fy93xv,Who can flex with the highest Watch Later Playlist for YouTube,Other
fyexdk,I need music in order to concentrate on any task,Focus Music
fzg2kr,Music Styles,Other
g21ey8,Cant listen to slow music,Other
g4thz1,ADHD focus music,Focus Music
g7l27n,Its always like there are two or more songs playing at once in my head,Stuck Songs
g8s9eg,I have music playing in my head literally 247,Stuck Songs
g992jp,Do yall have music in your heads 247,Stuck Songs
gcbzw7,What song or word usage constantly gets stuck in your head,Stuck Songs
gcwdp2,Do any of you read with music on in the background,Other
gd1y9z,Music on meds compared to off meds,Other
gf46dh,I FOUND MUSIc that I ENJOY,Other
gfrpkr,Music helps me function,Focus Music
ghnw1i,What song is stuck in your head today,Stuck Songs
gjvv26,ADHD and music preference,Other
gklyer,My ADHD effects my ability to soak in song lyrics or movie lines When someone bring up a movie reference I cringe,Other
gmo49x,Songs that show the experience of people with ADHD,Other
gn9kvf,I love driving while playing loud music because without meds its the only time my brain is so busy theres no room for thinking,Focus Music
gocdqt,Do you need music in the background or complete silence,Other
gqp27a,Obsession with playing loud music either to zone out or to get in the zone,Focus Music
gy5f2p,Theres music in my head,Stuck Songs
gy955q,Do nonADHD folk also always have a song stuck in their heads,Stuck Songs
gzo0q0,Listen to it while walking,Other
h08v8f,ADDADHD redditors what is your favorite musicsongalbumartist that you connect with your ADDADHD and for what reasons Im curious about the relationships between music and ADDADHD,Other
h0g849,Playlist for adhd students while studying,Focus Music
h7h3mh,Anyone w ADHD also listen to the same music over and over,Stuck Songs
hbek0f,Noisecancelling headphones and cheesy high energy pop music,Other
hfkv0s,Cannot remember or retain fast lyrics,Other
hgk8di,Do you have a song that embodied your start of discovering your ADHDness,Other
hhkt35,why is there always music playing in my head,Stuck Songs
hme02j,So what song have you got stuck in your head right now,Stuck Songs
hn0r6c,Is there any songs that help with ADHD,Focus Music
hn5xda,Music endlessly stuck in my head,Stuck Songs
hp7yzn,Do you guys get comforted by loud and angry music,Other
hpmeng,Wow I should be a web designer No an artist Forget that an actor A detective A space astronaut,Other
hptqgu,Im making an ADHD playlist and looking for song suggestions Would like a mix or relatable lyrics and good focus music,Focus Music
hrbc3n,What song do you have stuck in your head right now,Stuck Songs
ht4g4p,Do you have any suggestions for music that helps you focus,Focus Music
htveg3,How do I find new music,Other
htwaf2,Songs that give yall energy,Other
hvggov,Does Music help you,Other
hvs0pi,My ADHD feels like a 100 gecs song,Other
hzft3y,WowI shed a little tear at how these song lyrics made me feel about ADHD,Other
i0r217,To those of you playing the same song on repeat all day long,Stuck Songs
i17sh4,Heres to waking up with a song prestuck in your head going through the day with a single word stuck in your head and falling asleep with yet another song stuck in your head,Stuck Songs
i1eale,Music to Focus with your ADHD,Focus Music
i1f33h,Whats your go to I need to focus music,Focus Music
i3lacc,Just got distracted for an hour trying to find the perfect study music playlist instead of actually working,Focus Music
i3yeyd,Whats your music taste like,Other
i4gac9,Doing and thinking everything in a song rythm,Stuck Songs
i4vk4y,Cant stop hearing songs in my head type ADD,Stuck Songs
i4wmbm,Is there any strategy to get songs out of your head Im trying to study but all my brain can do is loop this song and I cant read or focus on anything because of it,Stuck Songs
i5o1wo,Does listening to Lo Fi music help you focus better,Focus Music
i66mk9,Can you actually listen to audiobooks,Other
i6jakc,Music helps me focus,Focus Music
i7jfeg,What kind of music are you drawn to,Other
idovjw,Does music hit you differently,Other
ieay83,ADHD and music does your body feel it,Other
ifqd0b,ADHD representation in music,Other
ihoz9w,I spent a whole 50 gift card on art supplies last night Im not an artist,Other
ii848a,Whats your magic studyingworking playlist,Focus Music
il0joi,How Does Music Affect Your ADHD,Other
ilan9b,I realized a few years ago that I usually have background music playing in my head,Stuck Songs
imma8u,Looking for ADHD Music,Other
imtuwq,Go get a different song stuck in your head,Stuck Songs
ios9j5,I never really listen to music music is just a way of drowning out the other noises for me Is it just me,Focus Music
ipfvkt,Music helps me with ADHD,Focus Music
isctnl,Do other people have songs in their head literally all the time,Stuck Songs
iw504k,How many times do you restart a song because you didnt pay attention the first time you played it,Other
ixmqxc,Random music playing in my head 247,Stuck Songs
ixpl9s,Songs on RepeatWhats Hooked You and Why,Stuck Songs
ixtjpl,listening to music 247,Other
izx52k,I find that listening to very loud aggressive music helps focus more than calm music,Focus Music
j027d6,I feel like ADHD might be the reason i like music so much,Other
j210b5,i listen to the same song on repeat for a week and a half and then i cant stand to hear it for two years,Stuck Songs
j2ki1c,I feel like nobody ever wants to listen to me talking about my interests because once I start talking I cant stop so what are yours Id love to hear them,Other
j2nhn8,Physically hearing music when lying in bed,Other
j2tcjv,My brain can play music in my head as a background process for a whole day without me realizing,Stuck Songs
j43w31,Constant music playing in my head,Stuck Songs
j4btou,Im making a Spotify playlist for people with ADHD,Other
j4o5xo,For those who constantly have music in their head,Stuck Songs
j4uacb,I found a good artist who has good songs and I couldnt even enjoy one without skipping to the next because I was so excited and I just wanted to hear them all at once,Other
j4xqtd,Man i absolutely LOVE analyzing music,Other
j58uuy,I finished learning the song I started 15 years ago It took about ten minutes,Other
j6aut6,Youre playing your current obsession song on repeat because of course you are how are you listening to it and how loud is it currently playing,Stuck Songs
j6sjsg,How do you relate to music I ask this because since I can remember Ive been deeply connected to music and almost get a natural high from it Its only occured to me lately that this high could be something uniquely related to my ADHD so I thought Id ask,Other
j6yw1m,What music or other audio do you all listen to to drown out your own brains while you work,Focus Music
j76c9v,Do you find that music gives you a LOT of that hit of dopamine youre seeking often more than anything else,Other
jb8gx0,What songs are stuck in your head today,Stuck Songs
jctfd3,ADHD and Music,Other
jcwweq,Listen to Mario Kart music to help concentrate on tasks,Focus Music
jdfhny,Hearing music in detail over my thoughts,Other
jer9lz,Spotify Unidentifiable music preferences,Other
jfh0oa,I just found out that people listen to music when reading,Focus Music
jfj502,I dont know about everyone else but I always get hooked on songs and listen to them on repeat for weeks,Stuck Songs
jglxvc,do u think adhd affects ur music taste,Other
jh70t4,What song is playing in the background of your head right now,Stuck Songs
jh9k3r,Trouble listening to new songs,Other
jkac19,Whats your work playlist,Focus Music
joy7p3,Do people with ADHD react to music differently than most people,Other
jpd0dy,It feels impossible to learn an instrument,Other
jpq6ak,Anyone do the thing where you only listen to one music artist for a month straight and then take a 6 month break from them and then it comes back in an endless cycle,Other
jrwqrh,Hyperfocusing on a song,Other
js45i8,Music CONSTANTLY on repeat in my head,Stuck Songs
jsh686,I listened to the Mario theme song while doing homework last night,Other
jtohyf,Do you guys ever put on a specific song then miss the entire thing somehow and have to play it again to hear it,Other
juvtie,is like being really bothered by the sound of music overlapping something adhd related,Other
jv2wlr,I love this part of the song let me put it on repeat so I can hear it again,Other
jzzj8s,How often do you find yourself just sitting with headphones but no music,Other
k0dmmq,Music always playing in my head never stops,Stuck Songs
k30d2l,Best focus music,Focus Music
k3q95r,Have you ever been doing your homework everything is going well and 5 seconds later have 50 tabs open and not being able to find the one thats playing music and you realize that 5 seconds has turned into 3 hours so your break down sobbing on the floor,Other
k4figw,Dear brain midnight is not the appropriate time to cultivate an antiwar song playlist Thank you for your understanding,Other
k4ini0,The music in my head,Stuck Songs
k4nq3e,putting in earbuds to listen to something walking around in silence for a couple minutes because you forgot about starting the music and just went on with life,Other
k5a0xb,Is it just me or does Digital Hardcore music promote focus,Focus Music
k5m4jp,I forgot that song was stuck in my head is a phrase that probably only makes sense to us,Stuck Songs
k66m2v,Are you good at remembering song lyrics by heart without trying to learn them,Other
k69o3u,Pick music for studying start singing and not working pick out different music drumming on desk repeat song repeat drumming,Other
k6pd3s,Do yall listen to the same song on repeat,Other
k772wi,Whats your favourite genre of music,Other
k9ddow,Music louder than my thoughts is the only way I can concentrate without meds,Focus Music
kcmxjx,I need music to function D,Focus Music
kdj14a,Music while working who loves and who doesnt,Focus Music
kia6po,What music do you listen to to focus on a task,Focus Music
kmj431,Repetitive music helping with your ADHD Buddy try loops,Focus Music
kmphdj,The best music for ADHD,Other
kx1hns,Some thoughts about Music and ADHD,Other
kxtvwx,LoFi music helps for concentrating,Focus Music
kxvvlp,I regularly make rhythms out of chewing walking and breathing If there is a rhythm I will find it,Other
kyevzr,Do you ever wake up after a few hours of sleep with a sentence or song stuck i your head and you cant make it stop,Stuck Songs
l2fjyb,ADHD Music and Emotion Regulation,Other
l4gib3,The absolute worst moment ever when a friend sends you a song or video,Other
l98sny,Seriously whats the deal with ADHD and the constant random music playing in our heads,Stuck Songs
l9tli8,Music Hyperfixations,Other
lb1yq7,Songs that speak to your ADHD,Other
lc62xw,Music is like a drug when Im not on meds,Other
lg3dln,do you think the music you like relates to your adhd,Other
lg3o82,You have such a great taste in music send me your playlist,Other
lg5jna,Do you guys do anything when listening to music,Other
lht1ii,I have music playing in my head 247 without stopping,Stuck Songs
lk6l8o,Why do I always have a song playing in my head Is this normal,Stuck Songs
llz3v2,I get really odd combinations of different songs stuck in my head and my brain sings them as one song,Stuck Songs
lm3a84,I love stimulating music and think its somewhat tied to ADHD,Other
lnsigs,Is listening to jazz also stressful for you almost unbearable,Other
lodcn9,Music helps me focus but choosing music distracts me,Focus Music
lotka9,i CONSTANTLY have songs stuck in my head on loop do you have the same problem,Stuck Songs
lpkg1o,About music,Other
lql2lt,Study tip  listen to video game music to help you focus,Focus Music
lqlfaf,What are some songs that represent the experience of ADHD well,Other
lrmdqa,Repeat new songs,Stuck Songs
ls7861,What music am I into How am doing Disclaimer answer is valid for 34 hours,Other
ls7940,What music is on repeat in your head right now,Stuck Songs
lubq35,Obsession w ONE song,Stuck Songs
lxmm6k,Whats you current ADHD soundtrack,Other
lyius0,Finding good music for focussing,Focus Music
m0l858,Using music to stim,Other
m120th,It is WILD to me that people can sit down listen to an album once and decide how they feel about it,Other
m1c96y,Music taste in ADHD,Other
m223rb,Music for Focus,Focus Music
m2t11q,Get Stuff Done amp Clean the house playlist collection,Focus Music
m3daz0,Do you guys enjoy metalheavy metal a lot more than other music you like,Other
m5bkqm,im convinced the only reason i listen to kpop is bc of my adhd,Other
m7sbxy,Why do I relate every thought to a song,Other
m97wks,Songs for when everything is overwhelming,Other
m9a64f,Music just vanishes when focusing,Other
man3g3,Music taste,Other
mbd75i,any1 else always tapping in rhythm I do it with my feet jawteeth tongue hands,Other
mbgnw6,How am I supposed to have a stable career if my interests change so drastically I cant even keep the same taste in music for more than a few months,Other
mbo4hb,Getting random words stuck in your head like songs is infuriating,Stuck Songs
mbzonb,Nobody ever wants to listen to me,Other
mc33uv,I have this theory that everyone with ADHD really loves the song Crimewave by Crystal Castles,Other
mcoy3r,Share our ADHD Music,Other
mfwusi,Songs in your head,Stuck Songs
mhfi1f,Do people with ADHD have a similar music taste,Other
mjtbn8,I have zero music taste because searching for artists and songs feel so boring,Other
mk9von,HI I FORGOT i waS goNNA POST AS SOON AS I OPENED REDDIT BUT IM PRETTY SURE IT WAS SOMETHING GOOD wait i just rememBEREd OK SO WHATS SOME SONGS YOU HAVE THAT TUNE OUT YOUR BRAIN CHATTER PERFECTLY PLS GIVE ME LOTS,Focus Music
mm2a4n,Music is constantly stuck in my head,Stuck Songs
mmi1qh,Do you have the kind of ADHD where you cant listen to a full song or the kind that makes you listen to a album all the way through,Other
mmidil,how do neurotypical people listen to music while studying,Other
mnirjw,Is it only me or do you also feel soothed by Lofi hip hop music,Focus Music
mo6xyc,Does music REALLY help you focus,Focus Music
mq6hbe,Music focus,Focus Music
mqoygg,I dont think I can ever be an artist because of my adhd,Other
mrmbge,List of songs I got hyperfocused to for a very very long time,Focus Music
msbro0,I love metal music,Other
mthhdx,Just listened to the song ADHD by Joyner Lucas,Other
mtqamw,Music that makes you feel,Other
muxd4h,Listen to your MESS,Other
mv3dht,Anyone really bad at song lyrics,Other
myqri9,Is there any reason why so many people with ADHD tend to listen to noisy music ex techno hyperpop heavy metal etc to hjjelp focus,Focus Music
mzhac7,Curious about stimming to specific songs,Other
mzs7vq,Focus Music Recommendations That Arent Just Ambient Noises,Focus Music
n4nl02,Why do I always skip songs Like click next after the song is just half done Is it related to ADHD,Other
n77hdf,Do you guys find that you dont memorise lyrics like most people do,Other
n7r7b6,Can you guys studydo work while listening to music,Focus Music
n7tdi7,A bad ADHD day be like this music isnt music enough Gotta put on 2 different albums at once plus a podcast or I cannot move,Other
n8a5uc,Can you fixate on a song,Other
navtfi,Just realised I have an incredibly good memory for remembering and recalling music,Other
nf7hml,How do you get songs to stop playing in your head constantly,Stuck Songs
ngp4xg,You ever ruin a song for yourself cause you fixate on it for hours then get tired of it,Stuck Songs
nhdl9w,What song is stuck in your head today Or multiple songs Do you rely on it for keeping your attention during some tasks Is this an ADHD phenomenon to rely on the songs in our head to help us stay on track during tasks where we want to wander to too many places,Stuck Songs
ni05kd,What music do you listen to for concentration,Focus Music
nj5zjy,A playlist to get stuff done,Focus Music
njb80b,What song are you obsessing over now,Stuck Songs
njdbcx,I get physically uncomfortable when I hear music I dont like,Other
np3aa0,What songs perfectly describes you or your life as someone with ADHD despite the song having nothing to do with ADHD,Other
nsc3mm,Does music preference relate to adhd,Other
nt2wtm,Do meds really turn you into an emotionless rock,Other
ntcd1r,Artist with ADHD do you ever complete your artwork,Other
nv09mp,How do you find new music with ADHD,Other
nvlh76,Whats your dopamine song for this month,Other
nvmodj,To the idiot therapist who told a group of ADHD parents that their kids would grow out of it and would be mediocre at best I would like to dedicate a song Warning language and a lot of it,Other
o12r6o,How do I learn an instrument with ADHD,Other
o2kxpl,Stimulating music,Other
o3epa9,The music in my head never stops,Stuck Songs
o5rzsy,Music and adhd,Other
o6ycyn,Music for a better mood,Other
o737ef,Hyperactive Music,Other
oa2iaz,Is it an ADHD thing to listen to a song on repeat obsessively,Stuck Songs
obvyr4,Listening to music for focus,Focus Music
ofybtb,As an ADHDer I am so sick of rapid mood swinging from music,Other
og0h1m,Any great songs about ADHD,Other
og7rc9,I just found out that 5000 videos are the maximum amount of videos for the watch later playlist in yt,Other
oikmgw,Obsessed with a new song I believe is the best song which describes how I feel once my medication kicks in Do you have a song what truly speak to you regarding your ADHD,Stuck Songs
oil8ob,anyone suggesting high energy music,Other
ok7rbw,Is it just me or is it torturous to listen to music that you dont like,Other
olsma4,Music and ADHD,Other
olusxk,Songs stuck in your head,Stuck Songs
oo5psp,ADHD and Music Taste,Other
otjnhe,What was the past song you obsessively listened to over and over,Stuck Songs
otpwto,Music Interest of those with ADHD,Other
otywck,What music do you guys listen when studying,Focus Music
ou8vru,How to manage music going on in the back of the mind 247,Stuck Songs
oucxv4,BestWorstWeirdest Songs that Just Get Stuck,Stuck Songs
oud4fk,Constant Internal music,Stuck Songs
ov74xu,AJR is the perfect ADHD band,Other
oxw7eq,Did you know that some people dont always have a song stuck in their head,Stuck Songs
oymnpd,Aphex Twins music REALLY helps at calming me down and helping me focus,Focus Music
oymw0f,Unpredictable songs are best IMO,Other
ozg9zw,Focus music NOT white noise electronic,Focus Music
ozxde0,ADHD amp music,Other
p0lr9t,ADHD and Music,Other
p1z6mt,Which song do you have on an infinite repeat at the moment,Stuck Songs
p2a80t,Do not underestimate the power of a good ADHD playlist,Other
p4qlm3,What song or snippet of a song is playing in your head right now,Stuck Songs
pa6g5e,do you guys also have an ungodly amount of videos in your watch later youtube playlist,Other
pav38j,Being an artist with ADHD is suffering,Other
pbsvsy,Background Music,Other
pc48mv,ADHD and music,Other
pd3ccw,Is the music stuck in your head real,Stuck Songs
pikks0,What sort of music keeps you focused but isnt too boring,Focus Music
pkeeri,Programming while listening to LOUD Electronic Music in my headphones,Focus Music
pl2p3c,What is one song you find yourself stimming to a lot lately,Other
plxgld,I recently found that shoving music on can give me a kick to get up and do simple tasks that executive dysfunction usually prevents,Focus Music
pmj3bw,use music without lyrics to study or work that requires full attention,Focus Music
pmug46,Music always stuck in my head,Stuck Songs
ppfap4,Music Suggestions for an Empath with ADHD,Other
prtncd,The Loud Music Metaphor,Other
psuewb,What random line from a song is in your head right now,Stuck Songs
psxodc,Heavy metal Music and over stimulating sounds has felt like they have helped me focus over the years,Focus Music
pujtje,So do everyone hyperfixate on music and artists or is it just me,Other
pusnn9,What is everyones music tastes,Other
px720p,Music always playing in my head,Stuck Songs
py2nqn,Intense Music Fixations,Other
py5yh3,permanent background song in head,Stuck Songs
q10qs5,What are some songs with fast hightempo beats,Other
q1vslv,Do others find themselves aggressively playing songs in a constant loop in their head when not on medication,Stuck Songs
q47u0y,How do you find new music,Other
q7a1b1,I have noticed adhd has a big impact on how I listen to music compared to non adhd people,Other
q7jr1x,I want to learn an instrument but nothing will hold my interest,Other
q84ovx,What song is currently playing the background of your head,Stuck Songs
q8kjlr,I hate i cant study with music,Focus Music
qbrh3q,Song obsession,Other
qe9zmz,What song are you obsessed with right now,Other
qfqtt5,Who else uses Lofi music for brain noise,Focus Music
qfswx9,Whats on your Feel Better Playlist,Other
qhp8nk,Is it common that people with ADHD hyperfocus on a specific song for days at a time And if so whats that song that youve been listening to for a while,Stuck Songs
ql4dre,ADHD playlist,Other
qngrmh,Songs constantly tattooed in my head,Stuck Songs
qnxeni,What music yall listen to,Other
qpljio,I wish I could listen to music 247,Other
qq8dr1,Do you guys find listening to music helps you relax What songs would you recommend,Other
qqyyrd,Theres always a song playing in the back of my mind,Stuck Songs
qspp8g,ADHD music,Other
qsszsb,A question about ADHD and predisposition to music,Other
qtdhwb,Every year I get scared to share my Spotify wrapped with people because my ADHD brain makes me listen to the weirdest things on repeat over and over,Stuck Songs
qvn8xo,I love Punjabi Music to keep my mind stimulated,Focus Music
r088wd,Its 158am and I woke up to google how Japan is reacting to Taylor Swifts new Red album Why is my brain like this,Other
r13ir5,Share your favourite stimsensory albums or songs with me,Other
r1dm9d,Music and ADHD,Other
r3llys,ADHD and a disinterest in music,Other
r3sixo,Do any of you just listen to the same song on repeat until you can no longer stand it  how can I stop this from happening,Stuck Songs
r3zboh,Can You Remember Lyrics,Other
r4ckr4,The only way I can get anything done is with music,Focus Music
r4z13q,Music is my biggest inspiration What are some Spotify playlists or artists you listen to to help you concentrate at workschool,Focus Music
r58a97,Epic music to focus and get motivation,Focus Music
r5f2n3,Can we make a universal Spotify playlist for all our ADHD songs we use to function,Focus Music
r6czhb,Do you experience Frisson  Emotional or Musical chills and do they have any effect on your ADHD,Other
r6mjra,Help me test a theory do people with ADHD listen to music more than average,Other
r70rxj,Do you use music to cope with your ADHD symptoms,Other
rda6m4,What music yall listen to help you focus,Focus Music
reu5yv,Personal Theme Song,Other
rlo3xs,How do you listen to podcasts,Other
rlwxhc,Can you dance Im curious if I just have no rhythm or if ADHD is a factor,Other
rn5225,does music help you get stuff done,Focus Music
rnqhzf,What is your hyper fixation song of the hour,Stuck Songs
rppseb,What is your go to song for needing to focus up,Focus Music
rqf0qj,nonstop songs stuck in my head,Stuck Songs
rs10h9,Music in other languages,Other
rsxa9u,Do random words just pop into your head frequently The words have nothing to do with the situational context,Other
rtwzis,Concentration music,Focus Music
rtyp1g,How do you guys listen to albumslyrics,Other
ru0w0q,What songs are you currently fixated on,Stuck Songs
ruzo70,Whats the most ADHD friendly song,Other
rw9h81,Playing the same song over and over again to concentrate,Focus Music
rzl8e0,If you listen to music as a stim or something similar what do you listen to and why,Other
rzrluk,I need new music to stim on,Other
s00m99,ADHD and Music Listening,Other
s1ky1p,I genuinely believe Lofi jazz hip hop beats etc  Is the best form of music for ADHD,Focus Music
s293h3,Whats on your dopaminefix playlist,Other
s2oj7c,wow i can hear lyrics on meds,Other
s71eel,Music while working studying,Focus Music
s7sbv3,Do you listen to music all the time,Other
s7vfcq,Music Ear Syndrome and ADHD,Other
s87pmr,Different type of music,Other
s8xki2,Constant music in my head,Stuck Songs
s9gtey,Completely Unable to Process Song Lyrics,Other
s9p0w7,Lyrics or quotes that are relatable to you regarding ADHD,Other
sa9g49,Any tricks to make the music stop,Stuck Songs
sb5u80,ADHD writers using music to stimulate themselves,Focus Music
sds21v,What is your current music obsession,Other
ser6n8,music and adhd,Other
sfa1ew,3 months on meds Im starting to laugh amp listen to music again Im slowly feeling better,Other
sfbpuk,Comfortpleasure from avant garde  dissonant music,Other
sfdow6,ADHD in media  songs or albums  movies or tv shows  books  pieces of art,Other
sfj2mj,Sad song rumination,Stuck Songs
shd99c,Songs to do with ADHD and ADD,Other
shsu0q,Do you have random songs stuck in your head,Stuck Songs
sjmoxk,Weirdly quick song recognition,Other
sk0fvr,Over fixating over a song,Stuck Songs
sl5aks,What songs do you have on repeat right now,Stuck Songs
snrpdj,Music recommendation for ADHD brains ODESZA,Focus Music
soznr5,ADHD and music Good or Bad,Other
spw026,Which song is on constant loop in your head right now,Stuck Songs
st0bo7,Is it a common ADHD trait to always need to listen to things,Other
swjlep,Is constantly hearing music in your head a part of ADHD,Stuck Songs
t10dpe,I need NEW MUSIC,Other
t2jbod,CANT FIND OUT SONG NAME AND HAVE BEEN UP FOR HOURS,Stuck Songs
t3ncf4,Polyrhytmic music and ADHD  any scientific backup,Other
t3xj8c,Do you guys also need music just about every moment of every day,Other
t54hlq,Please gimmie your current stim song,Other
t5r9ch,How listing to a classical radio station secretly turned out a invaluable tool for me  and why it might help you as well,Focus Music
t692dy,Music in Foreign Languages,Other
t7amd9,ADHD is hearing a song thinking I need to favorite this and immediately forgetting,Other
t7yesh,just found out the way i listen to music is not normal is it an adhd thing,Other
t9jwku,Can people with ADHD get carried away with music,Other
tath2a,Music Taste,Other
tb4j7g,Constant music in my mind,Stuck Songs
tescrb,I havent been able to find the right Spotify playlist in two days  zero works gotten done,Focus Music
tf4n6d,Do you guys get extremely obsessed with particular songs,Stuck Songs
tjl6fh,What is your OMFG Im busy playlist,Focus Music
tk5gq6,I dont need to hear music often because my head is already a sound box,Stuck Songs
tk5hbt,I am searching for something to listen to while working to tune out background noise but I have found none that I enjoy Any suggestions,Focus Music
tlesys,music constantly playing in my head wont stop,Stuck Songs
tn9bm2,What song has been on repeat in your head recently,Stuck Songs
tng771,I hate always having a song stuck in my head,Stuck Songs
tok7ak,Needing music to function,Other
tom1jj,Whats up with these extreme earworms i get songs stuck really hard in my head,Stuck Songs
tp4ehn,Listen on 1525X speed,Other
tqhuc5,Can you singrecite songs,Other
tsrk7x,Music playing in head,Stuck Songs
tvfg39,What songs stimulate your ADHD brain,Other
tvzqok,Do you have to deal with music always in your head and are you compelled to count the syllables in convoluted ways,Stuck Songs
u01x4e,Suggestions on music that helps you focus,Focus Music
u1qnpj,music getting stuck in my adhdbrain,Stuck Songs
u4q3gw,What song lyric is playing on repeat in everyone elses head today,Stuck Songs
u698zm,ADHD MUSIC,Other
u6esjz,What to listen to at work,Other
u715ss,Vyvanse made me realise I constantly had music stuck in my head and that it wasnt normal,Stuck Songs
u7jpfq,adhd and music,Other
u7tz1r,Hamilton Songs Stuck in my Head ALL THE TIME NOW,Stuck Songs
u7w2t6,Songs about ADHDADD and its symptoms,Other
u8a44v,List songs in the comments that you find yourself relating to,Other
u8te1f,What do you listen to when youre overstimulated,Other
u9oos5,Give me your jams What do you listen to to stay focused or while youre bring productive,Focus Music
uafzrd,I use music as meditation to center myself,Other
ubi3co,Music to relax and focus better for ADHD brains,Focus Music
ufcf5w,Hyperfixating on one small section of a song,Stuck Songs
ug9ah9,What kind of music do you listen to,Other
ugub0u,Using music as a source of grounding and emotional regulation,Other
ui848h,Help me get a song out of my head,Stuck Songs
ujm85d,RIP to all the great songs I played on repeat until I was disgusted,Stuck Songs
ukaao2,Energy Music and Studying,Focus Music
ukrm20,Is the genre of Hyperpop a common fixation for people with ADHD,Other
un3z9v,Music to Listen to While Focus,Focus Music
uqfp1q,What focuspumpup songs do you turn to lately,Focus Music
uqynz3,Do you have a compulsion to listen to music podcasts andor youtube constantly when doing things,Other
usrko7,do you guys ever listen to a song or watch a movie nonstop until it makes you physically ill to watch or listen again,Stuck Songs
utx40n,Not actually knowing a song lyrics,Other
uup4o2,Random outbursts of song,Other
uw3l11,Four straight days of the same song stuck in my head,Stuck Songs
v09wsz,What songs resonate with you the most and why,Other
v1c1at,The 247 mind song radio,Other
v3991v,Music to treat adhd,Other
v4ubfb,Motivation Through Music,Focus Music
v5nry1,Whats your song,Other
v767c7,listening to the same song on repeat,Stuck Songs
v7l6hc,Music to Listen to While Focus,Focus Music
v91ljd,A word on Adult ADHD and heavy metal music,Other
vem4lr,Brown Noise LoFi Music,Focus Music
vf7lms,Show Me Your Bleepiest Bloopiest Music,Other
vfmzt4,Music to unwind,Other
vgrjvz,Adhd and Music and Arousal,Other
vijtav,There is ALWAYS a song playing inside my head,Stuck Songs
viqy1k,I just made a subreddit for us to share our current brain jukebox song,Stuck Songs
viw1h6,Does listening to music help you get certain tasks done,Focus Music
vkgyo7,I love the ending of songs like We Dont Talk About Bruno where there are many overlapping parts Part of my brain lights up in the auditory chaos,Other
vkvm34,Electronic music  wow,Other
vlt2f8,Any musical ADHDers here Tips for practicing,Other
vnrkyd,I keep getting short sections of music stuck on loop in my head and ot can actually cause me some distress sometimes,Stuck Songs
vnslyn,listening to a song on repeat,Stuck Songs
vpyb2o,adhd  music,Other
vs581t,Is it an ADHD thing to get extremely uneasy when music you dont like is on,Other
vsei0i,Whats your goto music when youre overwhelmed,Other
vseucc,Recommendations for songs that seem to describe life with ADHD,Other
vsmq9o,About the non stop music in your head,Stuck Songs
vt2nm3,Listening a music album with ADHD is a different experience or this is common and im misinterpreting it,Other
vu0bps,What music really gets you into a flow,Focus Music
vuo3us,Background music,Focus Music
vy4ocg,What type of Music do you listen to,Other
vzxax0,ADHD and EDM electronic dance music,Other
w5p1tj,Why do I repeat good songs all day until it doesnt hit the same anymore,Stuck Songs
w8zv2e,Repeating song lyrics,Stuck Songs
wbl3vx,ADHD Megaearworms 247 songs in the brain,Stuck Songs
wcr7aq,Looking for music recommends postdiagnosis medication,Other
wcs9mo,How do I not have constant music playing in my head,Stuck Songs
we1cd7,Repeat shows or songs,Stuck Songs
whdvdi,Accurate Adhd portrayals in music,Other
wnqmgl,are others here drawn to bass heavy music,Other
wozfrv,That one song that you HAVE to listen to over and over again,Stuck Songs
wp1roy,Sure this is random but im still going to post it Im just now discovering song lyrics,Other
wuxnb8,Anyone obsessively listen to songs until theyre sick of them Also do we all crave sugar,Stuck Songs
wxunr0,I having music constantly blasting inside my head a symptom of ADHD,Stuck Songs
wy00qf,Do you have a hard time listening to music,Other
wyyhxw,Corn Song on Loop,Stuck Songs
wz9any,Songs that go THROUGH your brain,Stuck Songs
wzmbrz,My parents wont listen to me about my ADD medication,Other
x48b12,Some days its so hard to listen to music even though I want to,Other
x4hutv,How many songs are in your head right now,Stuck Songs
x67l5m,ADHD and Music whats your experience with it,Other
x88ldc,Memorizing a set list of songs,Other
x9qcvv,Whats your current repeat this until I get bored of it song today,Stuck Songs
xbg7lc,Do you like listening to progressive rock,Other
xbkkcu,Any songs about giving up on your big dreams that resonate with you,Other
xh7oh2,Have you learnt an instrument or parents helped your child learn,Other
xjmx8x,I have ADHD and anxiety and I get snippets of songs stuck in my head ad nauseam How do I make it stop,Stuck Songs
xng4dm,Is having a song in your head 247 an ADHD symptom,Stuck Songs
xns8c7,Does ADHD affect how YOU listen and find new music,Other
xsb833,Whats your current goto overplaying dopamine song and what was your previous one,Stuck Songs
xtqlyj,Help Getting a song stuck in your head,Stuck Songs
xv22j4,Music helping with productivity,Focus Music
xw7qam,Feeling misunderstood today pissed off a tattoo artist,Other
xwb02p,My whole life as long as I can remember I have been repeating some thing or song in my head 24 hours a day every day and its exhausting,Stuck Songs
xzedzd,What Song This Week,Other
xzmxuu,What Music Hits the Spot For Your ADHD brain,Other
y002ru,Are there any songs about adhd,Other
y1vumm,I calm my mind by listening to EDM amp trance music,Focus Music
y1z8x4,How do I as an artist singer have thicker skin when it comes to random opinions Any advice would be appreciated,Other
y2mcaa,Its painful to listen to people sometimes,Other
y5e5z3,Songs get stuck in my head really easily  relatable,Stuck Songs
y89o2u,Music for ADHD brains,Other
ydscqx,I constantly have music playing in my head even if Im actively focusing,Stuck Songs
ygdtxm,Is it an ADHD thing to prefer instrumental music,Other
yi9fdt,Do you listen to music while you read,Other
yljol1,I cant function without constantly listening to music,Other
ym9qgl,whats your current song hyperfixation,Stuck Songs
yrtv3t,Do you listen to music so that youre productive,Focus Music
ysrfp6,Question When you listen to music do you listen to the same song over and over,Stuck Songs
yvzwti,adhd and music,Other
yz9vjg,HOW CAN I STOP THE NEVER ENDING SONG REPLAYS IN MY HEAD,Stuck Songs
yzv1v9,ADHD AND MUSIC,Other
z2wine,What songs help break that loop inspire you get you moving Take a song leave a song,Other
z2x04o,Whats your current hyperfocus song u knowthe one that keeps your dopamine searchin brain busy while you get some shit done,Focus Music
z4d1bl,Music or songs constantly playing in my head,Stuck Songs
z4nrmz,Why am I able to remember almost all the lyrics to every song I have ever heard,Other
z539qd,What song is stuck in your head rn,Stuck Songs
z7al7j,Sleep playlist recommendations,Other
z93ao1,How many times did you listen to the same song this year,Stuck Songs
z96m34,can music be overwhelming for those with adhd,Other
z9ncjq,What song are you hyperfixing at the moment,Stuck Songs
zba53u,What music do you recommend,Other
zbpda6,ADD music,Other
zd07u2,Using music to create a personality for the day,Other
ze81se,Do phrases in conversations make you think of matching song lyrics,Other
zfh8ut,What is your perfect ADHD music,Other
zgp0pz,Need new music,Other
zhiw4o,Whats your favorite genre of video game The ones you hate,Other
zka4mf,Do you have background music going in your head at all times,Stuck Songs
zl6lht,Music please,Other
zmebph,Telling someone with ADHD to pay attention is like telling a deaf person to listen,Other
zonud2,I always listen to a video while doing something else,Other
zp1s0y,Cant focus with music cant focus without music,Focus Music
zp5one,My wife has been singing the damn song all morning,Stuck Songs
zqlnxc,Best music to silence your brain when it gets noisy,Focus Music
zra6x4,What is ypur ADHD theme song,Other
zt2wrr,Is music playing in your head 247 really a trait of ADHDnot normal,Stuck Songs
zwszp5,What song do you have on repeat recently,Stuck Songs
zyp47g,Music and ADHD,Other
zz8ku2,What is your current dopamine song,Other
